{"Precision":{"0":0.8627642937},"Recalll":{"0":0.8604651163},"Accuracy":{"0":0.8604651163},"F1Score":{"0":0.8593518938},"ConfusionMatrix":{"0":[[166,2,3,7,1],[2,73,8,8,1],[3,0,48,4,0],[15,10,3,197,1],[4,0,1,11,34]]},"ClassificationReport":{"0":"               precision    recall  f1-score   support\n\n     negative       0.87      0.93      0.90       179\n     positive       0.86      0.79      0.82        92\n          dnc       0.76      0.87      0.81        55\n        other       0.87      0.87      0.87       226\nnot_intrested       0.92      0.68      0.78        50\n\n     accuracy                           0.86       602\n    macro avg       0.86      0.83      0.84       602\n weighted avg       0.86      0.86      0.86       602\n"}}