{"Precision":{"0":0.8247375107},"Recalll":{"0":0.8225508318},"Accuracy":{"0":0.8225508318},"F1Score":{"0":0.8225580587},"ConfusionMatrix":{"0":[[13,0,1,1,0,1,0,0],[0,42,0,2,0,4,1,0],[0,1,98,2,1,9,1,0],[0,9,2,92,5,6,1,0],[0,0,1,4,34,1,0,0],[3,5,8,6,2,128,5,2],[0,1,1,0,0,10,30,0],[0,0,0,0,0,0,0,8]]},"ClassificationReport":{"0":"               precision    recall  f1-score   support\n\n          dnc       0.81      0.81      0.81        16\n        other       0.72      0.86      0.79        49\n      spanish       0.88      0.88      0.88       112\n         busy       0.86      0.80      0.83       115\nnot_intrested       0.81      0.85      0.83        40\n     positive       0.81      0.81      0.81       159\n     negative       0.79      0.71      0.75        42\n          bot       0.80      1.00      0.89         8\n\n     accuracy                           0.82       541\n    macro avg       0.81      0.84      0.82       541\n weighted avg       0.82      0.82      0.82       541\n"}}