{"Precision":{"0":0.9368203883},"Recalll":{"0":0.9375},"Accuracy":{"0":0.9375},"F1Score":{"0":0.9358039971},"ConfusionMatrix":{"0":[[23,6],[2,97]]},"ClassificationReport":{"0":"                   precision    recall  f1-score   support\n\n              dnc       0.92      0.79      0.85        29\nanswering_machine       0.94      0.98      0.96        99\n\n         accuracy                           0.94       128\n        macro avg       0.93      0.89      0.91       128\n     weighted avg       0.94      0.94      0.94       128\n"}}