{"Precision":{"0":0.5794723283},"Recalll":{"0":0.5859269283},"Accuracy":{"0":0.5859269283},"F1Score":{"0":0.5801862831},"ConfusionMatrix":{"0":[[103,15,5,35,4],[16,63,8,51,10],[2,17,30,19,3],[35,31,9,218,12],[7,6,0,21,19]]},"ClassificationReport":{"0":"               precision    recall  f1-score   support\n\n          dnc       0.63      0.64      0.63       162\n        other       0.48      0.43      0.45       148\n     positive       0.58      0.42      0.49        71\n     negative       0.63      0.71      0.67       305\nnot_intrested       0.40      0.36      0.38        53\n\n     accuracy                           0.59       739\n    macro avg       0.54      0.51      0.52       739\n weighted avg       0.58      0.59      0.58       739\n"}}