{"Precision":{"0":0.7231115275},"Recalll":{"0":0.7188019967},"Accuracy":{"0":0.7188019967},"F1Score":{"0":0.7150460686},"ConfusionMatrix":{"0":[[90,11,1,29,3],[7,101,7,20,4],[6,7,42,4,0],[15,11,1,171,8],[3,1,0,31,28]]},"ClassificationReport":{"0":"               precision    recall  f1-score   support\n\n     negative       0.74      0.67      0.71       134\n        other       0.77      0.73      0.75       139\n          dnc       0.82      0.71      0.76        59\n     positive       0.67      0.83      0.74       206\nnot_intrested       0.65      0.44      0.53        63\n\n     accuracy                           0.72       601\n    macro avg       0.73      0.68      0.70       601\n weighted avg       0.72      0.72      0.72       601\n"}}