{"Precision":{"0":0.6269897876},"Recalll":{"0":0.5945945946},"Accuracy":{"0":0.5945945946},"F1Score":{"0":0.600453675},"ConfusionMatrix":{"0":[[6,0,3,1,0,0,0,0],[0,18,6,6,0,6,1,1],[1,0,58,7,0,19,0,6],[0,3,5,114,6,12,2,4],[1,1,9,11,22,3,0,0],[7,3,24,15,1,86,5,16],[2,0,1,4,0,19,23,3],[0,0,0,1,0,10,0,3]]},"ClassificationReport":{"0":"               precision    recall  f1-score   support\n\nnot_intrested       0.35      0.60      0.44        10\n          dnc       0.72      0.47      0.57        38\n     positive       0.55      0.64      0.59        91\n     negative       0.72      0.78      0.75       146\n      spanish       0.76      0.47      0.58        47\n          bot       0.55      0.55      0.55       157\n        other       0.74      0.44      0.55        52\n         busy       0.09      0.21      0.13        14\n\n     accuracy                           0.59       555\n    macro avg       0.56      0.52      0.52       555\n weighted avg       0.63      0.59      0.60       555\n"}}