{"Precision":{"0":0.6329115142},"Recalll":{"0":0.629057187},"Accuracy":{"0":0.629057187},"F1Score":{"0":0.6287795637},"ConfusionMatrix":{"0":[[6,0,1,0,0,0,1,0],[1,16,5,5,0,7,3,1],[1,2,51,5,2,23,2,4],[0,8,9,143,1,14,10,2],[0,2,5,6,26,2,1,0],[5,4,17,20,1,88,18,5],[3,1,4,6,0,14,71,2],[0,0,1,3,1,9,3,6]]},"ClassificationReport":{"0":"               precision    recall  f1-score   support\n\n     negative       0.38      0.75      0.50         8\n          dnc       0.48      0.42      0.45        38\n      spanish       0.55      0.57      0.56        90\n     positive       0.76      0.76      0.76       187\n        other       0.84      0.62      0.71        42\n          bot       0.56      0.56      0.56       158\n         busy       0.65      0.70      0.68       101\nnot_intrested       0.30      0.26      0.28        23\n\n     accuracy                           0.63       647\n    macro avg       0.56      0.58      0.56       647\n weighted avg       0.63      0.63      0.63       647\n"}}