{"Precision":{"0":0.6892425445},"Recalll":{"0":0.6893542757},"Accuracy":{"0":0.6893542757},"F1Score":{"0":0.6863421615},"ConfusionMatrix":{"0":[[42,5,4,29,3],[4,170,4,14,11],[1,5,20,5,1],[10,29,0,108,20],[3,9,0,21,55]]},"ClassificationReport":{"0":"               precision    recall  f1-score   support\n\n     negative       0.70      0.51      0.59        83\n          dnc       0.78      0.84      0.81       203\n        other       0.71      0.62      0.67        32\n     positive       0.61      0.65      0.63       167\nnot_intrested       0.61      0.62      0.62        88\n\n     accuracy                           0.69       573\n    macro avg       0.68      0.65      0.66       573\n weighted avg       0.69      0.69      0.69       573\n"}}