{"Precision":{"0":0.9559375},"Recalll":{"0":0.953125},"Accuracy":{"0":0.953125},"F1Score":{"0":0.951581726},"ConfusionMatrix":{"0":[[28,6],[0,94]]},"ClassificationReport":{"0":"                   precision    recall  f1-score   support\n\n              dnc       1.00      0.82      0.90        34\nanswering_machine       0.94      1.00      0.97        94\n\n         accuracy                           0.95       128\n        macro avg       0.97      0.91      0.94       128\n     weighted avg       0.96      0.95      0.95       128\n"}}