{"Precision":{"0":0.5497547998},"Recalll":{"0":0.5148342059},"Accuracy":{"0":0.5148342059},"F1Score":{"0":0.5010192806},"ConfusionMatrix":{"0":[[35,17,2,56,1],[4,75,3,48,9],[0,16,15,21,0],[10,41,1,147,8],[3,7,0,31,23]]},"ClassificationReport":{"0":"               precision    recall  f1-score   support\n\n     negative       0.67      0.32      0.43       111\n     positive       0.48      0.54      0.51       139\nnot_intrested       0.71      0.29      0.41        52\n          dnc       0.49      0.71      0.58       207\n        other       0.56      0.36      0.44        64\n\n     accuracy                           0.51       573\n    macro avg       0.58      0.44      0.47       573\n weighted avg       0.55      0.51      0.50       573\n"}}