{"Precision":{"0":0.4408398594},"Recalll":{"0":0.4448051948},"Accuracy":{"0":0.4448051948},"F1Score":{"0":0.4293987574},"ConfusionMatrix":{"0":[[27,2,4,3,16,9,0,2],[0,16,4,1,20,11,0,1],[4,7,41,5,47,15,2,5],[2,0,3,35,36,6,0,2],[12,7,16,22,221,38,2,13],[4,6,13,10,82,69,0,17],[1,0,5,3,33,8,1,1],[1,1,2,1,4,4,0,1]]},"ClassificationReport":{"0":"                   precision    recall  f1-score   support\n\n        greetings       0.53      0.43      0.47        63\n          spanish       0.41      0.30      0.35        53\n             busy       0.47      0.33      0.38       126\nanswering_machine       0.44      0.42      0.43        84\n        greetback       0.48      0.67      0.56       331\n            other       0.43      0.34      0.38       201\n              dnc       0.20      0.02      0.04        52\n   sorry_greeting       0.02      0.07      0.04        14\n\n         accuracy                           0.44       924\n        macro avg       0.37      0.32      0.33       924\n     weighted avg       0.44      0.44      0.43       924\n"}}