{"Precision":{"0":0.8370104466},"Recalll":{"0":0.838150289},"Accuracy":{"0":0.838150289},"F1Score":{"0":0.8328256084},"ConfusionMatrix":{"0":[[38,20],[8,107]]},"ClassificationReport":{"0":"                   precision    recall  f1-score   support\n\nanswering_machine       0.83      0.66      0.73        58\n              dnc       0.84      0.93      0.88       115\n\n         accuracy                           0.84       173\n        macro avg       0.83      0.79      0.81       173\n     weighted avg       0.84      0.84      0.83       173\n"}}