{"Precision":{"0":0.8693745105},"Recalll":{"0":0.8706624606},"Accuracy":{"0":0.8706624606},"F1Score":{"0":0.8690098945},"ConfusionMatrix":{"0":[[5,0,0,0,0,0,0,0],[0,45,2,0,2,2,0,0],[0,2,106,0,2,12,0,0],[0,0,0,80,1,0,1,0],[0,0,1,2,160,9,2,0],[2,3,7,2,13,128,3,1],[0,1,3,3,3,3,21,0],[0,0,0,0,0,0,0,7]]},"ClassificationReport":{"0":"                   precision    recall  f1-score   support\n\n            other       0.71      1.00      0.83         5\n             busy       0.88      0.88      0.88        51\n              dnc       0.89      0.87      0.88       122\n          spanish       0.92      0.98      0.95        82\n        greetback       0.88      0.92      0.90       174\n        greetings       0.83      0.81      0.82       159\nanswering_machine       0.78      0.62      0.69        34\n   sorry_greeting       0.88      1.00      0.93         7\n\n         accuracy                           0.87       634\n        macro avg       0.85      0.88      0.86       634\n     weighted avg       0.87      0.87      0.87       634\n"}}