{"Precision":{"0":0.699775317},"Recalll":{"0":0.69527897},"Accuracy":{"0":0.69527897},"F1Score":{"0":0.6945581099},"ConfusionMatrix":{"0":[[87,4,1,35,4],[7,135,4,25,5],[8,8,30,7,3],[24,13,6,183,18],[4,3,1,33,51]]},"ClassificationReport":{"0":"               precision    recall  f1-score   support\n\n     negative       0.67      0.66      0.67       131\n     positive       0.83      0.77      0.80       176\n        other       0.71      0.54      0.61        56\n          dnc       0.65      0.75      0.69       244\nnot_intrested       0.63      0.55      0.59        92\n\n     accuracy                           0.70       699\n    macro avg       0.70      0.65      0.67       699\n weighted avg       0.70      0.70      0.69       699\n"}}