{"Precision":{"0":0.6554177818},"Recalll":{"0":0.6582914573},"Accuracy":{"0":0.6582914573},"F1Score":{"0":0.6489229333},"ConfusionMatrix":{"0":[[19,0,4,0,3,2,0,1],[0,19,3,0,4,7,0,1],[0,4,66,3,22,20,0,2],[0,0,1,58,25,4,1,0],[0,0,8,7,279,15,8,6],[1,1,18,7,41,65,1,8],[0,2,1,0,21,4,13,0],[0,1,3,0,6,5,1,5]]},"ClassificationReport":{"0":"                   precision    recall  f1-score   support\n\n            other       0.95      0.66      0.78        29\n          spanish       0.70      0.56      0.62        34\n        greetings       0.63      0.56      0.60       117\n              dnc       0.77      0.65      0.71        89\n        greetback       0.70      0.86      0.77       323\n   sorry_greeting       0.53      0.46      0.49       142\nanswering_machine       0.54      0.32      0.40        41\n             busy       0.22      0.24      0.23        21\n\n         accuracy                           0.66       796\n        macro avg       0.63      0.54      0.57       796\n     weighted avg       0.66      0.66      0.65       796\n"}}