{"Precision":{"0":0.635253985},"Recalll":{"0":0.6412698413},"Accuracy":{"0":0.6412698413},"F1Score":{"0":0.6255101926},"ConfusionMatrix":{"0":[[21,0,2,0,7,6,0,2],[0,26,6,1,11,4,0,3],[0,5,46,5,23,16,0,4],[0,0,3,39,30,6,0,2],[1,2,9,7,405,21,5,6],[1,5,20,11,52,52,3,7],[0,2,5,0,25,4,15,2],[0,0,3,0,9,3,0,2]]},"ClassificationReport":{"0":"                   precision    recall  f1-score   support\n\n              dnc       0.91      0.55      0.69        38\n          spanish       0.65      0.51      0.57        51\n            other       0.49      0.46      0.48        99\n        greetback       0.62      0.49      0.55        80\n        greetings       0.72      0.89      0.80       456\n             busy       0.46      0.34      0.40       151\n   sorry_greeting       0.65      0.28      0.39        53\nanswering_machine       0.07      0.12      0.09        17\n\n         accuracy                           0.64       945\n        macro avg       0.57      0.46      0.49       945\n     weighted avg       0.64      0.64      0.63       945\n"}}