{"Precision":{"0":0.8414424926},"Recalll":{"0":0.8387096774},"Accuracy":{"0":0.8387096774},"F1Score":{"0":0.8384655986},"ConfusionMatrix":{"0":[[115,2,2,18,2],[2,77,4,2,0],[1,10,29,2,0],[8,7,1,126,6],[0,0,1,7,43]]},"ClassificationReport":{"0":"               precision    recall  f1-score   support\n\n     negative       0.91      0.83      0.87       139\n        other       0.80      0.91      0.85        85\nnot_intrested       0.78      0.69      0.73        42\n          dnc       0.81      0.85      0.83       148\n     positive       0.84      0.84      0.84        51\n\n     accuracy                           0.84       465\n    macro avg       0.83      0.82      0.83       465\n weighted avg       0.84      0.84      0.84       465\n"}}