{"Precision":{"0":0.4821310269},"Recalll":{"0":0.4425981873},"Accuracy":{"0":0.4425981873},"F1Score":{"0":0.4524470518},"ConfusionMatrix":{"0":[[5,0,1,0,0,2,0,0],[0,18,5,13,1,7,2,6],[3,4,55,12,3,32,3,10],[4,9,5,65,10,30,4,11],[2,1,2,12,5,13,1,1],[10,11,21,42,3,117,5,22],[5,0,3,11,0,15,20,6],[0,0,1,0,0,3,2,8]]},"ClassificationReport":{"0":"               precision    recall  f1-score   support\n\n          dnc       0.17      0.62      0.27         8\n     negative       0.42      0.35      0.38        52\n      spanish       0.59      0.45      0.51       122\n        other       0.42      0.47      0.44       138\n         busy       0.23      0.14      0.17        37\n     positive       0.53      0.51      0.52       231\n          bot       0.54      0.33      0.41        60\nnot_intrested       0.12      0.57      0.21        14\n\n     accuracy                           0.44       662\n    macro avg       0.38      0.43      0.36       662\n weighted avg       0.48      0.44      0.45       662\n"}}