{"Precision":{"0":0.984496124},"Recalll":{"0":0.984496124},"Accuracy":{"0":0.984496124},"F1Score":{"0":0.984496124},"ConfusionMatrix":{"0":[[6,1],[1,121]]},"ClassificationReport":{"0":"                   precision    recall  f1-score   support\n\nanswering_machine       0.86      0.86      0.86         7\n              dnc       0.99      0.99      0.99       122\n\n         accuracy                           0.98       129\n        macro avg       0.92      0.92      0.92       129\n     weighted avg       0.98      0.98      0.98       129\n"}}