{"Precision":{"0":0.6634709642},"Recalll":{"0":0.6604554865},"Accuracy":{"0":0.6604554865},"F1Score":{"0":0.6579948316},"ConfusionMatrix":{"0":[[59,6,1,36,1],[7,127,2,17,2],[2,6,20,3,0],[18,16,3,97,14],[1,4,0,25,16]]},"ClassificationReport":{"0":"               precision    recall  f1-score   support\n\n     negative       0.68      0.57      0.62       103\n        other       0.80      0.82      0.81       155\n          dnc       0.77      0.65      0.70        31\n     positive       0.54      0.66      0.60       148\nnot_intrested       0.48      0.35      0.41        46\n\n     accuracy                           0.66       483\n    macro avg       0.66      0.61      0.63       483\n weighted avg       0.66      0.66      0.66       483\n"}}