{"Precision":{"0":0.9003216019},"Recalll":{"0":0.8984375},"Accuracy":{"0":0.8984375},"F1Score":{"0":0.8930111632},"ConfusionMatrix":{"0":[[23,11],[2,92]]},"ClassificationReport":{"0":"                   precision    recall  f1-score   support\n\n              dnc       0.92      0.68      0.78        34\nanswering_machine       0.89      0.98      0.93        94\n\n         accuracy                           0.90       128\n        macro avg       0.91      0.83      0.86       128\n     weighted avg       0.90      0.90      0.89       128\n"}}