{"Precision":{"0":0.5572215029},"Recalll":{"0":0.5788359788},"Accuracy":{"0":0.5788359788},"F1Score":{"0":0.5320961438},"ConfusionMatrix":{"0":[[22,0,1,0,9,6,0,0],[0,23,0,2,19,4,0,3],[0,5,33,1,38,19,1,2],[0,3,0,6,62,8,1,0],[0,4,4,5,405,33,4,1],[0,8,4,3,81,52,0,3],[0,2,1,2,38,5,5,0],[0,1,2,0,11,2,0,1]]},"ClassificationReport":{"0":"                   precision    recall  f1-score   support\n\n              dnc       1.00      0.58      0.73        38\n          spanish       0.50      0.45      0.47        51\n            other       0.73      0.33      0.46        99\n        greetback       0.32      0.07      0.12        80\n        greetings       0.61      0.89      0.72       456\n             busy       0.40      0.34      0.37       151\n   sorry_greeting       0.45      0.09      0.16        53\nanswering_machine       0.10      0.06      0.07        17\n\n         accuracy                           0.58       945\n        macro avg       0.51      0.35      0.39       945\n     weighted avg       0.56      0.58      0.53       945\n"}}