{"Precision":{"0":0.9061387405},"Recalll":{"0":0.90625},"Accuracy":{"0":0.90625},"F1Score":{"0":0.9005703883},"ConfusionMatrix":{"0":[[19,10],[2,97]]},"ClassificationReport":{"0":"                   precision    recall  f1-score   support\n\n              dnc       0.90      0.66      0.76        29\nanswering_machine       0.91      0.98      0.94        99\n\n         accuracy                           0.91       128\n        macro avg       0.91      0.82      0.85       128\n     weighted avg       0.91      0.91      0.90       128\n"}}