{"Precision":{"0":0.6032955993},"Recalll":{"0":0.5693581781},"Accuracy":{"0":0.5693581781},"F1Score":{"0":0.5611516008},"ConfusionMatrix":{"0":[[40,15,1,44,3],[1,108,0,44,2],[3,9,12,7,0],[13,27,0,102,6],[2,5,1,25,13]]},"ClassificationReport":{"0":"               precision    recall  f1-score   support\n\n     negative       0.68      0.39      0.49       103\n        other       0.66      0.70      0.68       155\n          dnc       0.86      0.39      0.53        31\n     positive       0.46      0.69      0.55       148\nnot_intrested       0.54      0.28      0.37        46\n\n     accuracy                           0.57       483\n    macro avg       0.64      0.49      0.53       483\n weighted avg       0.60      0.57      0.56       483\n"}}