{"Precision":{"0":0.6852482744},"Recalll":{"0":0.6924290221},"Accuracy":{"0":0.6924290221},"F1Score":{"0":0.6802994093},"ConfusionMatrix":{"0":[[11,0,0,0,0,1,0,0],[0,42,0,0,0,9,0,0],[2,4,84,0,4,17,1,1],[0,1,0,18,44,4,4,0],[1,0,4,17,138,19,5,0],[4,3,8,0,11,125,6,0],[0,2,2,0,16,4,11,0],[0,0,0,0,1,0,0,10]]},"ClassificationReport":{"0":"                   precision    recall  f1-score   support\n\n        greetback       0.61      0.92      0.73        12\n             busy       0.81      0.82      0.82        51\n              dnc       0.86      0.74      0.80       113\nanswering_machine       0.51      0.25      0.34        71\n          spanish       0.64      0.75      0.69       184\n            other       0.70      0.80      0.74       157\n        greetings       0.41      0.31      0.35        35\n   sorry_greeting       0.91      0.91      0.91        11\n\n         accuracy                           0.69       634\n        macro avg       0.68      0.69      0.67       634\n     weighted avg       0.69      0.69      0.68       634\n"}}