{"Precision":{"0":0.5125794731},"Recalll":{"0":0.4673366834},"Accuracy":{"0":0.4673366834},"F1Score":{"0":0.4734650621},"ConfusionMatrix":{"0":[[21,0,1,0,1,7,0,0],[1,28,2,1,3,12,1,1],[0,10,43,0,9,30,1,3],[0,6,0,13,30,27,3,2],[2,24,17,20,176,69,9,14],[2,13,18,1,22,78,1,11],[0,5,0,9,12,14,8,1],[0,0,1,0,3,5,0,5]]},"ClassificationReport":{"0":"                   precision    recall  f1-score   support\n\n          spanish       0.81      0.70      0.75        30\n            other       0.33      0.57      0.41        49\n        greetback       0.52      0.45      0.48        96\n              dnc       0.30      0.16      0.21        81\n             busy       0.69      0.53      0.60       331\n        greetings       0.32      0.53      0.40       146\n   sorry_greeting       0.35      0.16      0.22        49\nanswering_machine       0.14      0.36      0.20        14\n\n         accuracy                           0.47       796\n        macro avg       0.43      0.43      0.41       796\n     weighted avg       0.51      0.47      0.47       796\n"}}