{"Precision":{"0":0.6440489651},"Recalll":{"0":0.6337625179},"Accuracy":{"0":0.6337625179},"F1Score":{"0":0.632371192},"ConfusionMatrix":{"0":[[88,5,6,27,5],[5,106,16,48,1],[5,3,36,10,2],[33,23,6,171,11],[6,9,2,33,42]]},"ClassificationReport":{"0":"               precision    recall  f1-score   support\n\n     negative       0.64      0.67      0.66       131\n     positive       0.73      0.60      0.66       176\n        other       0.55      0.64      0.59        56\n          dnc       0.59      0.70      0.64       244\nnot_intrested       0.69      0.46      0.55        92\n\n     accuracy                           0.63       699\n    macro avg       0.64      0.61      0.62       699\n weighted avg       0.64      0.63      0.63       699\n"}}