{"Precision":{"0":0.4639807306},"Recalll":{"0":0.4363001745},"Accuracy":{"0":0.4363001745},"F1Score":{"0":0.4052206507},"ConfusionMatrix":{"0":[[25,8,0,72,6],[11,41,2,79,6],[3,8,11,30,0],[21,22,2,157,5],[2,8,0,38,16]]},"ClassificationReport":{"0":"               precision    recall  f1-score   support\n\n     negative       0.40      0.23      0.29       111\n     positive       0.47      0.29      0.36       139\nnot_intrested       0.73      0.21      0.33        52\n          dnc       0.42      0.76      0.54       207\n        other       0.48      0.25      0.33        64\n\n     accuracy                           0.44       573\n    macro avg       0.50      0.35      0.37       573\n weighted avg       0.46      0.44      0.41       573\n"}}