{"Precision":{"0":0.5013421724},"Recalll":{"0":0.5213567839},"Accuracy":{"0":0.5213567839},"F1Score":{"0":0.4729356913},"ConfusionMatrix":{"0":[[21,0,1,0,3,4,0,0],[0,8,2,0,13,9,2,0],[1,3,50,0,40,20,0,3],[0,0,3,5,70,10,1,0],[0,2,6,5,277,22,4,7],[1,1,14,2,70,48,1,5],[0,0,1,1,31,3,3,2],[0,0,1,0,11,6,0,3]]},"ClassificationReport":{"0":"                   precision    recall  f1-score   support\n\n            other       0.91      0.72      0.81        29\n          spanish       0.57      0.24      0.33        34\n        greetings       0.64      0.43      0.51       117\n              dnc       0.38      0.06      0.10        89\n        greetback       0.54      0.86      0.66       323\n   sorry_greeting       0.39      0.34      0.36       142\nanswering_machine       0.27      0.07      0.12        41\n             busy       0.15      0.14      0.15        21\n\n         accuracy                           0.52       796\n        macro avg       0.48      0.36      0.38       796\n     weighted avg       0.50      0.52      0.47       796\n"}}