{"Precision":{"0":0.5543207836},"Recalll":{"0":0.5873015873},"Accuracy":{"0":0.5873015873},"F1Score":{"0":0.5374705382},"ConfusionMatrix":{"0":[[23,1,1,1,4,1,0,0],[0,29,4,3,16,2,0,2],[0,5,43,3,23,5,0,2],[0,3,0,14,68,2,2,3],[0,2,8,12,409,18,3,3],[1,6,21,5,89,29,2,13],[0,1,0,2,31,0,4,1],[0,1,2,0,17,1,0,4]]},"ClassificationReport":{"0":"                   precision    recall  f1-score   support\n\n        greetings       0.96      0.74      0.84        31\n          spanish       0.60      0.52      0.56        56\n              dnc       0.54      0.53      0.54        81\n   sorry_greeting       0.35      0.15      0.21        92\n        greetback       0.62      0.90      0.74       455\nanswering_machine       0.50      0.17      0.26       166\n            other       0.36      0.10      0.16        39\n             busy       0.14      0.16      0.15        25\n\n         accuracy                           0.59       945\n        macro avg       0.51      0.41      0.43       945\n     weighted avg       0.55      0.59      0.54       945\n"}}