{"Precision":{"0":0.5703945897},"Recalll":{"0":0.5602094241},"Accuracy":{"0":0.5602094241},"F1Score":{"0":0.5439443742},"ConfusionMatrix":{"0":[[24,18,5,30,6],[3,163,7,25,5],[2,10,18,2,0],[4,69,4,73,17],[2,31,1,11,43]]},"ClassificationReport":{"0":"               precision    recall  f1-score   support\n\n     negative       0.69      0.29      0.41        83\n          dnc       0.56      0.80      0.66       203\n        other       0.51      0.56      0.54        32\n     positive       0.52      0.44      0.47       167\nnot_intrested       0.61      0.49      0.54        88\n\n     accuracy                           0.56       573\n    macro avg       0.58      0.52      0.52       573\n weighted avg       0.57      0.56      0.54       573\n"}}