{"Precision":{"0":0.3385244038},"Recalll":{"0":0.3138528139},"Accuracy":{"0":0.3138528139},"F1Score":{"0":0.3031544909},"ConfusionMatrix":{"0":[[28,2,2,1,4,17,0,1],[0,26,1,3,15,23,1,0],[2,9,41,2,16,38,1,0],[2,10,7,11,35,35,1,1],[6,41,28,27,73,128,4,5],[4,21,22,8,34,101,3,1],[0,9,8,6,11,18,7,0],[0,4,0,1,3,12,1,3]]},"ClassificationReport":{"0":"                   precision    recall  f1-score   support\n\n              dnc       0.67      0.51      0.58        55\n        greetings       0.21      0.38      0.27        69\n            other       0.38      0.38      0.38       109\nanswering_machine       0.19      0.11      0.14       102\n             busy       0.38      0.23      0.29       312\n          spanish       0.27      0.52      0.36       194\n        greetback       0.39      0.12      0.18        59\n   sorry_greeting       0.27      0.12      0.17        24\n\n         accuracy                           0.31       924\n        macro avg       0.34      0.30      0.30       924\n     weighted avg       0.34      0.31      0.30       924\n"}}