{"Precision":{"0":0.7510653194},"Recalll":{"0":0.7182795699},"Accuracy":{"0":0.7182795699},"F1Score":{"0":0.7196696334},"ConfusionMatrix":{"0":[[101,3,0,35,0],[6,44,2,32,1],[1,9,26,6,0],[5,10,1,128,4],[0,3,0,13,35]]},"ClassificationReport":{"0":"               precision    recall  f1-score   support\n\n     negative       0.89      0.73      0.80       139\n        other       0.64      0.52      0.57        85\nnot_intrested       0.90      0.62      0.73        42\n          dnc       0.60      0.86      0.71       148\n     positive       0.88      0.69      0.77        51\n\n     accuracy                           0.72       465\n    macro avg       0.78      0.68      0.72       465\n weighted avg       0.75      0.72      0.72       465\n"}}