{"Precision":{"0":0.7170723826},"Recalll":{"0":0.7097791798},"Accuracy":{"0":0.7097791798},"F1Score":{"0":0.7025342755},"ConfusionMatrix":{"0":[[5,0,0,0,0,0,0,0],[0,40,4,2,2,3,0,0],[1,0,95,1,5,20,0,0],[0,0,0,31,45,4,1,1],[0,0,4,21,139,8,2,0],[5,2,8,3,15,124,0,2],[0,1,0,10,9,5,9,0],[0,0,0,0,0,0,0,7]]},"ClassificationReport":{"0":"                   precision    recall  f1-score   support\n\n            other       0.45      1.00      0.62         5\n             busy       0.93      0.78      0.85        51\n              dnc       0.86      0.78      0.82       122\n          spanish       0.46      0.38      0.41        82\n        greetback       0.65      0.80      0.71       174\n        greetings       0.76      0.78      0.77       159\nanswering_machine       0.75      0.26      0.39        34\n   sorry_greeting       0.70      1.00      0.82         7\n\n         accuracy                           0.71       634\n        macro avg       0.69      0.72      0.68       634\n     weighted avg       0.72      0.71      0.70       634\n"}}