{"Precision":{"0":0.551878595},"Recalll":{"0":0.5683355886},"Accuracy":{"0":0.5683355886},"F1Score":{"0":0.5459203538},"ConfusionMatrix":{"0":[[98,5,9,43,7],[17,31,13,76,11],[1,11,41,17,1],[31,19,12,234,9],[7,2,3,25,16]]},"ClassificationReport":{"0":"               precision    recall  f1-score   support\n\n          dnc       0.64      0.60      0.62       162\n        other       0.46      0.21      0.29       148\n     positive       0.53      0.58      0.55        71\n     negative       0.59      0.77      0.67       305\nnot_intrested       0.36      0.30      0.33        53\n\n     accuracy                           0.57       739\n    macro avg       0.51      0.49      0.49       739\n weighted avg       0.55      0.57      0.55       739\n"}}