{"Precision":{"0":0.9923110859},"Recalll":{"0":0.992248062},"Accuracy":{"0":0.992248062},"F1Score":{"0":0.9919657308},"ConfusionMatrix":{"0":[[6,1],[0,122]]},"ClassificationReport":{"0":"                   precision    recall  f1-score   support\n\nanswering_machine       1.00      0.86      0.92         7\n              dnc       0.99      1.00      1.00       122\n\n         accuracy                           0.99       129\n        macro avg       1.00      0.93      0.96       129\n     weighted avg       0.99      0.99      0.99       129\n"}}