{"Precision":{"0":0.7127216549},"Recalll":{"0":0.6242774566},"Accuracy":{"0":0.6242774566},"F1Score":{"0":0.6325837954},"ConfusionMatrix":{"0":[[46,12],[53,62]]},"ClassificationReport":{"0":"                   precision    recall  f1-score   support\n\nanswering_machine       0.46      0.79      0.59        58\n              dnc       0.84      0.54      0.66       115\n\n         accuracy                           0.62       173\n        macro avg       0.65      0.67      0.62       173\n     weighted avg       0.71      0.62      0.63       173\n"}}