{"Precision":{"0":0.4018474808},"Recalll":{"0":0.3896103896},"Accuracy":{"0":0.3896103896},"F1Score":{"0":0.3143739315},"ConfusionMatrix":{"0":[[18,0,11,0,33,0,0,1],[0,6,5,0,37,1,0,4],[0,1,67,0,52,2,1,3],[1,0,12,2,67,0,0,2],[6,4,46,6,252,7,1,9],[3,1,55,4,119,11,1,7],[0,1,11,1,35,1,1,2],[0,0,4,0,7,0,0,3]]},"ClassificationReport":{"0":"                   precision    recall  f1-score   support\n\n        greetings       0.64      0.29      0.40        63\n          spanish       0.46      0.11      0.18        53\n             busy       0.32      0.53      0.40       126\nanswering_machine       0.15      0.02      0.04        84\n        greetback       0.42      0.76      0.54       331\n            other       0.50      0.05      0.10       201\n              dnc       0.25      0.02      0.04        52\n   sorry_greeting       0.10      0.21      0.13        14\n\n         accuracy                           0.39       924\n        macro avg       0.36      0.25      0.23       924\n     weighted avg       0.40      0.39      0.31       924\n"}}