{"Precision":{"0":0.9213703416},"Recalll":{"0":0.921875},"Accuracy":{"0":0.921875},"F1Score":{"0":0.9185166855},"ConfusionMatrix":{"0":[[21,8],[2,97]]},"ClassificationReport":{"0":"                   precision    recall  f1-score   support\n\n              dnc       0.91      0.72      0.81        29\nanswering_machine       0.92      0.98      0.95        99\n\n         accuracy                           0.92       128\n        macro avg       0.92      0.85      0.88       128\n     weighted avg       0.92      0.92      0.92       128\n"}}