{"Precision":{"0":0.8476360673},"Recalll":{"0":0.8454258675},"Accuracy":{"0":0.8454258675},"F1Score":{"0":0.8431094894},"ConfusionMatrix":{"0":[[5,0,0,0,0,0,0,0],[0,43,3,0,3,2,0,0],[1,0,102,0,6,13,0,0],[0,0,0,80,2,0,0,0],[0,0,3,1,160,8,2,0],[2,1,8,2,23,120,2,1],[0,1,1,3,3,6,19,1],[0,0,0,0,0,0,0,7]]},"ClassificationReport":{"0":"                   precision    recall  f1-score   support\n\n            other       0.62      1.00      0.77         5\n             busy       0.96      0.84      0.90        51\n              dnc       0.87      0.84      0.85       122\n          spanish       0.93      0.98      0.95        82\n        greetback       0.81      0.92      0.86       174\n        greetings       0.81      0.75      0.78       159\nanswering_machine       0.83      0.56      0.67        34\n   sorry_greeting       0.78      1.00      0.88         7\n\n         accuracy                           0.85       634\n        macro avg       0.83      0.86      0.83       634\n     weighted avg       0.85      0.85      0.84       634\n"}}