{"Precision":{"0":0.6490179538},"Recalll":{"0":0.6422338569},"Accuracy":{"0":0.6422338569},"F1Score":{"0":0.6336033766},"ConfusionMatrix":{"0":[[32,10,4,30,7],[2,168,7,9,17],[1,6,20,2,3],[9,38,2,84,34],[1,7,0,16,64]]},"ClassificationReport":{"0":"               precision    recall  f1-score   support\n\n     negative       0.71      0.39      0.50        83\n          dnc       0.73      0.83      0.78       203\n        other       0.61      0.62      0.62        32\n     positive       0.60      0.50      0.55       167\nnot_intrested       0.51      0.73      0.60        88\n\n     accuracy                           0.64       573\n    macro avg       0.63      0.61      0.61       573\n weighted avg       0.65      0.64      0.63       573\n"}}