{"Precision":{"0":0.6542163438},"Recalll":{"0":0.6256281407},"Accuracy":{"0":0.6256281407},"F1Score":{"0":0.6283926167},"ConfusionMatrix":{"0":[[21,0,3,0,1,5,0,0],[2,36,1,0,4,6,0,0],[0,8,52,1,11,22,1,1],[0,4,2,41,26,8,0,0],[1,14,13,3,248,33,8,11],[2,15,9,0,36,76,2,6],[0,7,1,0,17,3,19,2],[0,1,1,0,6,1,0,5]]},"ClassificationReport":{"0":"                   precision    recall  f1-score   support\n\n          spanish       0.81      0.70      0.75        30\n            other       0.42      0.73      0.54        49\n        greetback       0.63      0.54      0.58        96\n              dnc       0.91      0.51      0.65        81\n             busy       0.71      0.75      0.73       331\n        greetings       0.49      0.52      0.51       146\n   sorry_greeting       0.63      0.39      0.48        49\nanswering_machine       0.20      0.36      0.26        14\n\n         accuracy                           0.63       796\n        macro avg       0.60      0.56      0.56       796\n     weighted avg       0.65      0.63      0.63       796\n"}}