{"Precision":{"0":0.6442530111},"Recalll":{"0":0.6402116402},"Accuracy":{"0":0.6402116402},"F1Score":{"0":0.6096858235},"ConfusionMatrix":{"0":[[19,0,0,0,11,6,0,2],[0,28,1,0,14,6,0,2],[0,3,39,3,37,14,1,2],[0,0,1,33,43,2,0,1],[0,2,2,6,419,22,4,1],[0,3,5,3,77,57,3,3],[0,3,1,0,37,5,7,0],[0,2,0,0,9,3,0,3]]},"ClassificationReport":{"0":"                   precision    recall  f1-score   support\n\n              dnc       1.00      0.50      0.67        38\n          spanish       0.68      0.55      0.61        51\n            other       0.80      0.39      0.53        99\n        greetback       0.73      0.41      0.53        80\n        greetings       0.65      0.92      0.76       456\n             busy       0.50      0.38      0.43       151\n   sorry_greeting       0.47      0.13      0.21        53\nanswering_machine       0.21      0.18      0.19        17\n\n         accuracy                           0.64       945\n        macro avg       0.63      0.43      0.49       945\n     weighted avg       0.64      0.64      0.61       945\n"}}