{"Precision":{"0":0.8503910638},"Recalll":{"0":0.8422712934},"Accuracy":{"0":0.8422712934},"F1Score":{"0":0.8426914697},"ConfusionMatrix":{"0":[[12,0,0,0,0,0,0,0],[0,41,0,0,2,8,0,0],[1,1,93,0,3,14,0,1],[0,0,0,67,3,0,1,0],[0,0,2,2,153,26,1,0],[2,1,8,2,5,136,3,0],[0,2,2,1,4,5,21,0],[0,0,0,0,0,0,0,11]]},"ClassificationReport":{"0":"                   precision    recall  f1-score   support\n\n        greetback       0.80      1.00      0.89        12\n             busy       0.91      0.80      0.85        51\n              dnc       0.89      0.82      0.85       113\nanswering_machine       0.93      0.94      0.94        71\n          spanish       0.90      0.83      0.86       184\n            other       0.72      0.87      0.79       157\n        greetings       0.81      0.60      0.69        35\n   sorry_greeting       0.92      1.00      0.96        11\n\n         accuracy                           0.84       634\n        macro avg       0.86      0.86      0.85       634\n     weighted avg       0.85      0.84      0.84       634\n"}}