{"Precision":{"0":0.9249858597},"Recalll":{"0":0.921875},"Accuracy":{"0":0.921875},"F1Score":{"0":0.9182610544},"ConfusionMatrix":{"0":[[25,9],[1,93]]},"ClassificationReport":{"0":"                   precision    recall  f1-score   support\n\n              dnc       0.96      0.74      0.83        34\nanswering_machine       0.91      0.99      0.95        94\n\n         accuracy                           0.92       128\n        macro avg       0.94      0.86      0.89       128\n     weighted avg       0.92      0.92      0.92       128\n"}}