{"Precision":{"0":0.6405980935},"Recalll":{"0":0.6444444444},"Accuracy":{"0":0.6444444444},"F1Score":{"0":0.6205139629},"ConfusionMatrix":{"0":[[23,2,0,0,3,3,0,0],[0,31,6,0,12,6,0,1],[0,2,53,5,15,5,0,1],[0,1,1,44,40,3,1,2],[0,3,18,9,400,17,1,7],[1,3,26,8,73,43,2,10],[0,1,1,0,25,0,11,1],[0,0,5,0,13,3,0,4]]},"ClassificationReport":{"0":"                   precision    recall  f1-score   support\n\n        greetings       0.96      0.74      0.84        31\n          spanish       0.72      0.55      0.63        56\n              dnc       0.48      0.65      0.55        81\n   sorry_greeting       0.67      0.48      0.56        92\n        greetback       0.69      0.88      0.77       455\nanswering_machine       0.54      0.26      0.35       166\n            other       0.73      0.28      0.41        39\n             busy       0.15      0.16      0.16        25\n\n         accuracy                           0.64       945\n        macro avg       0.62      0.50      0.53       945\n     weighted avg       0.64      0.64      0.62       945\n"}}