{"Precision":{"0":0.4007045078},"Recalll":{"0":0.3777056277},"Accuracy":{"0":0.3777056277},"F1Score":{"0":0.3770082827},"ConfusionMatrix":{"0":[[31,3,2,3,4,11,1,0],[2,20,2,1,13,29,2,0],[2,8,36,4,20,38,0,1],[2,6,6,34,25,25,0,4],[9,13,27,23,117,104,8,11],[4,6,18,15,48,98,3,2],[0,2,7,6,13,21,10,0],[0,2,0,2,4,13,0,3]]},"ClassificationReport":{"0":"                   precision    recall  f1-score   support\n\n              dnc       0.62      0.56      0.59        55\n        greetings       0.33      0.29      0.31        69\n            other       0.37      0.33      0.35       109\nanswering_machine       0.39      0.33      0.36       102\n             busy       0.48      0.38      0.42       312\n          spanish       0.29      0.51      0.37       194\n        greetback       0.42      0.17      0.24        59\n   sorry_greeting       0.14      0.12      0.13        24\n\n         accuracy                           0.38       924\n        macro avg       0.38      0.34      0.35       924\n     weighted avg       0.40      0.38      0.38       924\n"}}