{"Precision":{"0":0.4334864315},"Recalll":{"0":0.4101731602},"Accuracy":{"0":0.4101731602},"F1Score":{"0":0.3686026302},"ConfusionMatrix":{"0":[[19,0,13,2,27,0,0,2],[0,14,9,2,22,1,0,5],[0,4,65,5,45,3,2,2],[1,0,10,32,36,1,0,4],[7,5,42,12,232,12,1,20],[2,3,62,10,94,11,1,18],[0,1,10,1,31,2,3,4],[0,0,3,1,7,0,0,3]]},"ClassificationReport":{"0":"                   precision    recall  f1-score   support\n\n        greetings       0.66      0.30      0.41        63\n          spanish       0.52      0.26      0.35        53\n             busy       0.30      0.52      0.38       126\nanswering_machine       0.49      0.38      0.43        84\n        greetback       0.47      0.70      0.56       331\n            other       0.37      0.05      0.10       201\n              dnc       0.43      0.06      0.10        52\n   sorry_greeting       0.05      0.21      0.08        14\n\n         accuracy                           0.41       924\n        macro avg       0.41      0.31      0.30       924\n     weighted avg       0.43      0.41      0.37       924\n"}}