{"Precision":{"0":0.8169836394},"Recalll":{"0":0.7956989247},"Accuracy":{"0":0.7956989247},"F1Score":{"0":0.7955417164},"ConfusionMatrix":{"0":[[107,3,2,26,1],[4,66,3,12,0],[1,9,26,6,0],[3,5,0,137,3],[0,1,0,16,34]]},"ClassificationReport":{"0":"               precision    recall  f1-score   support\n\n     negative       0.93      0.77      0.84       139\n        other       0.79      0.78      0.78        85\nnot_intrested       0.84      0.62      0.71        42\n          dnc       0.70      0.93      0.79       148\n     positive       0.89      0.67      0.76        51\n\n     accuracy                           0.80       465\n    macro avg       0.83      0.75      0.78       465\n weighted avg       0.82      0.80      0.80       465\n"}}