{"Precision":{"0":0.7729502091},"Recalll":{"0":0.7674418605},"Accuracy":{"0":0.7674418605},"F1Score":{"0":0.7522718631},"ConfusionMatrix":{"0":[[155,3,0,21,0],[5,28,4,54,1],[3,1,47,4,0],[12,10,0,203,1],[2,2,2,15,29]]},"ClassificationReport":{"0":"               precision    recall  f1-score   support\n\n     negative       0.88      0.87      0.87       179\n     positive       0.64      0.30      0.41        92\n          dnc       0.89      0.85      0.87        55\n        other       0.68      0.90      0.78       226\nnot_intrested       0.94      0.58      0.72        50\n\n     accuracy                           0.77       602\n    macro avg       0.80      0.70      0.73       602\n weighted avg       0.77      0.77      0.75       602\n"}}