{"Precision":{"0":0.6113821919},"Recalll":{"0":0.6086956522},"Accuracy":{"0":0.6086956522},"F1Score":{"0":0.5925834656},"ConfusionMatrix":{"0":[[47,19,1,33,3],[3,136,0,15,1],[2,12,10,7,0],[15,33,1,87,12],[3,8,1,20,14]]},"ClassificationReport":{"0":"               precision    recall  f1-score   support\n\n     negative       0.67      0.46      0.54       103\n        other       0.65      0.88      0.75       155\n          dnc       0.77      0.32      0.45        31\n     positive       0.54      0.59      0.56       148\nnot_intrested       0.47      0.30      0.37        46\n\n     accuracy                           0.61       483\n    macro avg       0.62      0.51      0.54       483\n weighted avg       0.61      0.61      0.59       483\n"}}