{"Precision":{"0":0.7767793936},"Recalll":{"0":0.5953757225},"Accuracy":{"0":0.5953757225},"F1Score":{"0":0.5893090667},"ConfusionMatrix":{"0":[[55,3],[67,48]]},"ClassificationReport":{"0":"                   precision    recall  f1-score   support\n\nanswering_machine       0.45      0.95      0.61        58\n              dnc       0.94      0.42      0.58       115\n\n         accuracy                           0.60       173\n        macro avg       0.70      0.68      0.59       173\n     weighted avg       0.78      0.60      0.59       173\n"}}