{"Precision":{"0":0.6937186614},"Recalll":{"0":0.6672212978},"Accuracy":{"0":0.6672212978},"F1Score":{"0":0.6593221654},"ConfusionMatrix":{"0":[[85,12,0,35,2],[3,79,5,49,3],[3,7,39,10,0],[14,12,1,177,2],[4,5,2,31,21]]},"ClassificationReport":{"0":"               precision    recall  f1-score   support\n\n     negative       0.78      0.63      0.70       134\n        other       0.69      0.57      0.62       139\n          dnc       0.83      0.66      0.74        59\n     positive       0.59      0.86      0.70       206\nnot_intrested       0.75      0.33      0.46        63\n\n     accuracy                           0.67       601\n    macro avg       0.73      0.61      0.64       601\n weighted avg       0.69      0.67      0.66       601\n"}}