{"Precision":{"0":0.6557095791},"Recalll":{"0":0.6381909548},"Accuracy":{"0":0.6381909548},"F1Score":{"0":0.6158176406},"ConfusionMatrix":{"0":[[20,0,2,0,6,1,0,0],[0,15,2,0,8,7,1,1],[0,1,64,3,35,11,0,3],[0,0,3,42,40,3,1,0],[1,1,4,3,297,10,2,5],[1,0,14,5,61,57,0,4],[0,0,1,1,27,3,9,0],[0,0,3,0,10,4,0,4]]},"ClassificationReport":{"0":"                   precision    recall  f1-score   support\n\n            other       0.91      0.69      0.78        29\n          spanish       0.88      0.44      0.59        34\n        greetings       0.69      0.55      0.61       117\n              dnc       0.78      0.47      0.59        89\n        greetback       0.61      0.92      0.74       323\n   sorry_greeting       0.59      0.40      0.48       142\nanswering_machine       0.69      0.22      0.33        41\n             busy       0.24      0.19      0.21        21\n\n         accuracy                           0.64       796\n        macro avg       0.67      0.49      0.54       796\n     weighted avg       0.66      0.64      0.62       796\n"}}