{"Precision":{"0":0.4885066087},"Recalll":{"0":0.4659685864},"Accuracy":{"0":0.4659685864},"F1Score":{"0":0.4371569298},"ConfusionMatrix":{"0":[[21,12,1,73,4],[6,60,5,66,2],[0,13,12,27,0],[17,25,2,156,7],[2,8,0,36,18]]},"ClassificationReport":{"0":"               precision    recall  f1-score   support\n\n     negative       0.46      0.19      0.27       111\n     positive       0.51      0.43      0.47       139\nnot_intrested       0.60      0.23      0.33        52\n          dnc       0.44      0.75      0.55       207\n        other       0.58      0.28      0.38        64\n\n     accuracy                           0.47       573\n    macro avg       0.52      0.38      0.40       573\n weighted avg       0.49      0.47      0.44       573\n"}}